date,FPT,MWG,PNJ,VCB,VIC,VNM
2020-10-16,,,,,,
2020-10-19,0.0018766697036373,-0.0009344604171472,-0.0088538031237971,-0.0079600197953338,0.0010138249716301,0.0027889204240847
2020-10-20,-0.0018766697036374,0.0,-0.0074333765382662,0.0022744006058294,0.0010243013492177,-0.0140250732088215
2020-10-21,-0.0075474894354373,-0.0093929475493604,0.0,-0.0172534270448206,-0.0051204687999216,0.0018811432168548
2020-10-22,0.022471058449844,0.0251891106159734,0.0177602806536126,0.0046421280365921,0.028371909942883,0.0028161082874126
2020-10-23,-0.0018523214719329,0.013736784079537,-0.0029331550904081,0.0103368984023989,0.0382139076169543,0.030458924144943
2020-10-26,-0.0206187369779111,0.0,0.0145954907189019,-0.0172930545593018,0.0105238077556035,0.0045353505910815
2020-10-27,-0.0133481152531623,0.0,0.005773100895462,0.0,0.0056997240408609,-0.0081786965245144
2020-10-28,-0.0272373243945262,-0.0465331137093451,-0.0502303178357231,-0.0211481309720227,-0.0534376920752412,-0.020276676931041
2020-10-29,0.0039371618982331,-0.0260399452165659,0.012048808017707,-0.0071551380466712,0.0049726272541907,-0.0046665652983299
2020-10-30,0.0117193239889229,0.0231830889875148,0.0396270382463478,-0.0072067032246843,0.0560039478571191,0.0102376494440398
2020-11-02,0.0038761182010249,0.0161104244042193,0.0283644488904377,0.0331753998194476,0.0,-0.0037109399001887
2020-11-03,0.0210528355595077,0.0074792121550335,-0.0070160435966053,-0.0093625361783783,-0.0199188308215028,0.0009287761785635
2020-11-04,0.0037808652754151,-0.0037326137670067,0.0098202835921359,0.0,-0.0086580627431145,0.0027821637216251
2020-11-05,-0.0190489181050272,0.0,0.0124656446543017,0.0,0.0096166548709754,0.007379827956492
2020-11-06,0.0076631653114308,-0.017000166563195,0.0096048861772428,0.0,0.0057216316167124,0.0
2020-11-09,0.0189048668777841,0.0066630534572351,0.0094995233912139,0.0058656569973603,0.0094709682922959,0.0
2020-11-10,-0.0075191140841877,0.0028298265250415,-0.013602586632754,-0.004686709492386,-0.0047189450831879,-0.0120204074624271
2020-11-11,0.0,0.0186916044249683,-0.0151854637632716,-0.0023592865679032,0.0018838711128918,0.0
2020-11-12,0.0093887613667853,0.0282837093115693,0.023360761860785,0.0175152334705144,0.0094086217688636,-0.0046622149239708
2020-11-13,0.0055933514006707,0.0,0.0027243381546029,0.0057708941209542,0.0056092584048054,0.0037317102841958
2020-11-16,-0.0093388189037965,-0.0126618661591046,-0.0233108142671872,-0.0127432523501615,-0.0515871839406792,-0.0027977284077657
2020-11-17,0.0130468993107692,0.0207448004776177,0.0260137646478249,0.0207580411921354,0.0384602458706187,0.0046578726532869
2020-11-18,0.0,-0.0125866472522559,-0.0067781646993009,0.0,-0.0104339866720605,0.0165903633362793
2020-11-19,0.0201677507968634,0.0125866472522559,0.0067781646993009,0.0292542302674617,-0.0086166575091513,0.002738989213428
2020-11-20,0.0018120155494609,-0.0107827273381417,-0.0054272885352407,0.0251759554879083,-0.0019165079954825,0.0108795998513471
2020-11-23,0.0126006379890643,0.0214504266803481,0.0412668212518347,-0.0097754978274117,0.0,-0.0027093114364818
2020-11-24,-0.005380111719047,-0.0106676993422064,-0.0104853617570814,0.0087049998027933,0.0019165079954826,-0.0090831082790528
2020-11-25,-0.0072205262700172,0.0,0.0039466035629911,0.0118243437655262,0.0152758309647114,0.0081786965245144
2020-11-26,0.0090188187609332,0.0071065469074608,0.0,0.0053338645479855,0.004718945083188,-0.0054446977798242
2020-11-27,0.0089356731690036,0.0236708421157333,0.0335492589847373,0.0053055653145105,-0.0085187553954316,-0.0009101748537442
2020-11-30,-0.0143377118091333,0.004312999249197,-0.011492405524805,-0.0160018971528272,-0.0124284016768352,-0.0146795970854715
2020-12-01,-0.0036167801208035,0.0,0.0012878985800944,-0.0108119814947675,0.0105230683094337,0.0137685930587132
2020-12-02,0.0072205262700172,-0.0173912851137149,-0.0129004753739905,0.0161744487850988,0.0,-0.0064023537242141
2020-12-03,0.0,0.0061121811728381,0.0064710403258543,0.0,0.0075890147925368,0.0045768660471599
2020-12-04,0.0017982924909159,-0.0069884076139351,0.0128177964013018,-0.0260033415564657,0.0,-0.0045768660471599
2020-12-07,0.0,0.0035003085246674,0.0,0.0217184681175678,0.0,0.0091328797934593
2020-12-08,0.0089356731690036,0.00174557039827,0.0076701190319479,0.0,-0.0075890147925369,-0.0072990256285615
2020-12-09,0.0228678120560548,0.0043506416595973,-0.0012699079387002,0.0358694763139839,0.0094799568961455,0.0045684995593162
2020-12-10,-0.0175449888324751,-0.0104735154697897,-0.0713677522782616,0.0072337422485411,-0.0104339866720605,0.0207488387635039
2020-12-11,0.0088122209727036,0.0043773034119223,0.0585261033884885,0.0,0.0179516663373155,0.0053428837941011
2020-12-14,0.0035027615358153,0.0121816363564474,0.0025842033504407,0.0273935429151706,0.0194756146549397,0.007080362211274
2020-12-15,-0.0087812721742955,-0.0034578543386675,-0.006466412573879,-0.0212497868626676,-0.01760236370199,-0.0195914649973667
2020-12-16,0.0070301785390441,0.0017304217631675,0.0064664125738789,0.0212497868626676,0.0,0.0035910161512711
2020-12-17,-0.0105638888732673,-0.017467116039674,-0.0234747219828476,-0.0398225940230343,-0.0217249667049565,-0.0108109897181158
2020-12-18,0.0070549775173094,0.0131091243165936,0.0196025516493815,0.0297611980316127,0.0,0.0
2020-12-21,0.0104900113151655,0.010390995566025,0.0,0.0081172789408689,0.0161052269968757,0.0054201044752465
2020-12-22,0.0103811123410098,0.0313482796601385,0.0128449763127556,-0.0101602344230374,-0.0065983032948711,-0.0099595717994118
2020-12-23,-0.0103811123410099,-0.0151284969213351,-0.0038375150588804,-0.0040852268321508,0.0,0.002725564582737
2020-12-24,-0.0087327678597715,-0.0119326699693121,-0.0142026933362098,-0.0020555264410276,0.0,-0.0137047095945181
2020-12-25,0.0104692186650264,0.0153087185990654,0.0103503950062648,0.0030750902355285,0.0018820882906312,0.0027556124070643
2020-12-28,0.0051962510739501,-0.0101625326080378,0.0012813486294414,0.0040942526419988,0.0,-0.0027556124070643
2020-12-29,0.0120165526001903,-0.0008515580154613,0.0089630122581274,0.0121701104502775,0.0056567947454373,0.004589466571962
2020-12-30,-0.0085681421383854,0.0008515580154613,0.02391623486406,-0.0131987000546262,0.0185970584049239,-0.0036700851337101
2020-12-31,0.0170659031503231,0.0135272218724575,0.0074325182434068,0.0,-0.0027618877292088,0.0
2021-01-04,0.0184409277576038,0.0142000465789971,0.0086104032921816,0.0111784315190706,-0.0018524498215365,0.0045852586951093
2021-01-05,0.0406894686956162,0.0107302521780104,-0.0049147579175602,0.0030223704303568,0.0156170006850303,0.0228218155594017
2021-01-06,-0.0047974930259691,-0.0049266086210285,-0.0012261487198479,0.0558162657100534,0.0045532061043527,-0.009067101761051
2021-01-07,0.0016024822523167,-0.0041491761185245,0.0049081865728782,0.0188638855513347,-0.0009089841962183,0.0054503143567553
2021-01-08,0.0127169984896557,0.0082563669768992,0.009757152539637,-0.0207724593183156,0.0153213471370714,0.0143883636696258
2021-01-11,0.0218767239430355,0.0354818471308786,0.0036329744468244,-0.0028635277963104,0.0177331185012333,0.0342291073478327
2021-01-12,0.0168581987865959,0.0,0.002418800834451,0.0104760637913603,0.005255256246754,0.0034454496646872
2021-01-13,0.0105835895772986,0.0,-0.0024188008344511,-0.0076125359950498,-0.0292669745169408,-0.0155984092633976
2021-01-14,-0.0015060195415587,0.0133840201310609,-0.0072791955363171,-0.0086277326482578,-0.0063284599874067,-0.012302472917861
2021-01-15,0.0030076369498552,-0.0007809634645722,0.0048669791075099,-0.0067609124024086,0.0072191483053998,0.0070487746815906
2021-01-18,-0.0045137808846349,-0.0110219529185694,0.0168257918133986,0.0009757929091026,-0.0081264922458816,-0.0052823896825729
2021-01-19,-0.0670569701120128,-0.051953674861264,-0.0601786752377272,-0.0425172102318653,-0.0713860590865489,-0.0506887518341458
2021-01-20,0.0207506212814211,0.023054842459268,0.0188031142173226,0.0010041274390155,0.0058216219160717,0.0119980447145568
2021-01-21,0.0356906616230754,0.0177782460212839,0.0233290111889888,0.0386079240965103,0.0172749432059749,0.0118557966500453
2021-01-22,0.0196229662762951,0.0174439070194341,0.0192332612511706,0.0,-0.0009531204705372,-0.0146117511146738
2021-01-25,0.0014947733566702,0.0370308921484398,0.0350917414278026,-0.0048649661940746,-0.0018982358546473,-0.0046108625185955
2021-01-26,-0.0150384568254892,0.0,-0.0232531122650458,-0.0157365555389859,-0.0320022074433055,-0.013960534296745
2021-01-27,-0.0465196048001114,0.0113049637032447,-0.0178109193825247,-0.0353080539757784,-0.0148848994373113,-0.0323835899956067
2021-01-28,-0.0724004848116015,-0.0722147133813971,-0.0719889207937277,-0.0723650887394813,-0.0725679105841191,-0.0722478047340006
2021-01-29,0.0676281574651579,0.0661906672490613,0.0671926893950262,0.0261443603107791,0.0665536184277726,0.0673963619278096
2021-02-01,0.0126766884187468,-0.0702183538480144,-0.0531352182956217,-0.0206421462602981,-0.0040372936963736,-0.0009735360375912
2021-02-02,0.038615243727808,0.0341664939096344,0.0336916865816676,0.0575765940533607,0.067371861390014,0.0353931221965714
2021-02-03,0.0588406848986059,-0.0039078740004212,0.0170305673625282,0.0245656077129195,0.0150037871950876,0.0305442990798592
2021-02-04,0.0350916704374516,0.0078005359491368,0.0,0.0,-0.0235387199971172,-0.0082386154991705
2021-02-05,0.0055022872410521,0.0154440517833854,0.0119947745501401,0.0110660539850162,0.0235387199971171,0.0073263415468873
2021-02-08,-0.0221931660862217,-0.0154440517833853,-0.0364120769076531,-0.0608159691240879,-0.0623725066339708,-0.0400243595494836
2021-02-09,0.0452449479004071,0.0077635224756072,0.0328311842359516,0.0324129331942655,0.0502011167221176,0.0253185953847545
2021-02-17,0.0432861486999772,0.0635655239228219,0.0340935936454265,0.0284030359298223,0.0168071183163811,0.0064605824953113
2021-02-18,0.0038429281964818,0.0108161026537951,0.0114984503396993,0.0197978151710426,0.0183514113928866,0.0027559544646285
2021-02-19,-0.0206733693033977,-0.0137144008358047,-0.0068784648667038,-0.0068872896013546,-0.0091336094996292,-0.0092165369599397
2021-02-22,0.0026076650389466,-0.004363258646672,-0.020935982541268,-0.0069222138233672,0.006399198791773,-0.0046408172636607
2021-02-23,-0.0170717113868402,-0.0058696663344874,-0.0189822827054657,-0.0059883117463207,0.0027344107078562,-0.0046614550453652
2021-02-24,-0.0013244885109596,-0.0177733647504759,-0.0084116628116812,-0.0191833329258853,-0.0164989615713501,-0.011278774329871
2021-02-25,0.0105527159406431,0.014101185694841,0.014383953031449,0.0010133379822597,0.0064463529931585,-0.0114074376240109
2021-02-26,0.0,-0.0051638112262346,0.010653794900925,0.0,0.0009189990785622,0.0019108097324332
2021-03-01,0.0220662600251259,-0.0014802855616527,-0.0023496365241479,0.0101424065901981,-0.0046034643425118,0.0076049087329752
2021-03-02,0.0,0.0073796121832871,-0.0083041583767772,0.001002101894801,-0.0027618877292088,-0.0066508713225502
2021-03-03,-0.002570791929365,0.0029366636602352,0.0071151264482889,-0.0091077809979694,-0.0120921975517289,-0.003820599174443
2021-03-04,-0.0234394636767242,-0.0252864798865436,-0.0095022152736047,-0.0112337742246364,0.0,-0.0105822835906838
2021-03-05,0.0,-0.0045213814693911,0.0,-0.0092958171671616,-0.005625018129601,-0.0038761325610304
2021-03-08,-0.0013175034655687,-0.0106532075249648,-0.0023805152661404,-0.0125258657287243,-0.0028297256457064,-0.0077976316199775
2021-03-09,-0.0106105797568834,-0.0208496707441521,-0.0012046861283116,-0.0021052496383405,-0.0161665720786747,-0.0167738513174407
2021-03-10,0.0171845386775515,0.0185569681731766,0.0012046861283116,0.0052480745338558,0.0161665720786747,0.0059531724407451
2021-03-11,0.0052289695466453,0.0152091561897581,0.0047676040914562,0.0083507792174198,-0.000945024094116,0.0166751158210531
2021-03-12,-0.0026110670119013,-0.0106059165465052,-0.0047676040914561,-0.0052178007327627,0.0,-0.0058544369443574
2021-03-15,0.0,0.0121119065630262,0.0155786516675129,0.0052178007327626,0.000945024094116,0.0
2021-03-16,0.0571578969400886,0.0037777974426134,-0.0071618761835573,-0.0062565376143051,-0.0056729135539069,-0.0118105929514758
2021-03-17,-0.0024722848486597,-0.0030256520835611,0.0011931577479304,-0.0010398169778846,-0.0066611225328448,-0.0049632583659648
2021-03-18,0.0024722848486598,0.0060195304822087,0.0154308025376876,0.0196799598161684,0.0179855026202957,0.0197058759647165
2021-03-19,-0.014924447744782,-0.0044941855610233,-0.0035408039201864,-0.0344343481431325,0.0167444993887696,-0.0078358136791558
2021-03-22,-0.0138817770487437,-0.0083151063887611,-0.0047366321134423,0.029280929910974,-0.010201721990972,-0.0088895767179143
2021-03-23,0.0012707940556624,-0.0068361776627934,0.0,-0.0124479877245827,-0.0074824732800203,-0.005969880991826
2021-03-24,-0.0231084618499931,-0.0084425875466789,-0.0011846480684318,-0.0115404412005065,0.0130552075133026,-0.0150835959522751
2021-03-25,-0.0052085478429019,-0.0085144721538639,0.0106355823387755,0.0042193581128643,0.0229030233147516,-0.0020279393750798
2021-03-26,-0.0065481329851059,0.0092828164098731,-0.0011734982367149,-0.0021074536852223,0.0179560882612327,-0.0112305259872557
2021-03-29,0.0195189863482058,0.0007677543563304,0.0011734982367148,0.004196921631286,0.0035568381671895,0.016294305187345
2021-03-30,-0.0064634732703121,-0.005386700212625,-0.0058933489500497,-0.0052591289432734,0.0365542712712385,0.0020177066208931
2021-03-31,0.0077522690847632,0.0023121397583796,0.0,0.0,0.007662872745569,-0.0080975434205102
2021-04-01,0.0254134847830987,0.0348443346182651,0.0117640671931089,0.0219128515609172,0.0423444990439569,0.0260802467170272
2021-04-02,0.0012548587253269,0.00373285794371,0.036745739940664,0.0092480839577996,0.0,0.016691493858242
2021-04-05,-0.002509505730058,-0.0052208863555388,0.0011232479088537,0.0420405449341235,0.0105176975604142,-0.0009744847336725
2021-04-06,-0.0025158191960679,-0.005974355274928,0.0022541473824558,-0.0009755665710983,0.0214890665623789,-0.0107793171191795
2021-04-07,0.0025158191960679,0.0089482011595641,-0.0056391773219992,0.0,0.0054947134712438,-0.0138891563860572
2021-04-08,0.0,-0.0037186912508106,0.0,-0.0188222485999443,-0.0181711655563481,-0.0019995481201616
2021-04-09,0.0309224663374871,-0.0052295099087533,0.0201404072424057,-0.0253115152402046,-0.0040002030967232,-0.0010018113800396
2021-04-12,0.0,0.0119356583169362,0.0164681739324068,0.0142454612551883,0.0552876661449968,0.0020026201383922
2021-04-13,-0.0171983539955983,0.0,-0.0120508233375257,-0.0142454612551883,0.0638335476887497,0.0
2021-04-14,0.0037098411329511,0.0036938824365159,0.0087765897178561,0.0122321254986164,-0.0049937781876388,-0.0070246321752043
2021-04-15,-0.012423003300168,-0.0126379015075044,0.0054548008775151,-0.0122321254986165,0.006408019107943,-0.0020167515792333
2021-04-16,-0.0037563031699409,0.0022378706628057,-0.0120356065131119,-0.0123836052239785,0.0147968858513527,-0.0224492038435676
2021-04-19,0.0223342825860653,0.0250626273070829,0.0335404002254338,0.0225852199739253,0.0069695434423494,-0.0082905406914944
2021-04-20,0.0170309589125396,0.0364329174240028,0.0042438606097854,0.0446740951368005,-0.0062696130135953,0.0327564961142953
2021-04-22,-0.0356089383286641,0.0,-0.0053049375941045,0.0,-0.0305078373385853,-0.0131778131386956
2021-04-23,0.0368153880894237,0.034495892717566,0.0221131334845003,0.0096594992851887,-0.0036133220535295,0.0151894303915189
2021-04-26,-0.0243923847892558,-0.034495892717566,-0.0104706306377024,-0.0533243737298796,-0.0504147249825805,-0.0358095590991789
2021-04-27,-0.0037098411329512,-0.0042129514629931,0.0104706306377025,0.0040528229091649,0.0045495168331016,-0.0031297427885186
2021-04-28,0.0012375562842914,-0.0134809383021579,-0.0031307566444352,0.0,-0.0045495168331017,-0.0211198443500301
2021-04-29,0.0012377862640188,0.006419668751277,0.0237487463599496,0.010047856888983,-0.0038142957877352,-0.0021374123740463
2021-05-04,0.0244204336131371,-0.0107079885864529,-0.0289814310657133,-0.0090437294499677,0.0196604972105377,-0.0205295650215453
2021-05-05,0.0,0.0107079885864528,0.0187255729542669,0.0209719429354106,0.0007407407746108,0.0043574831015069
2021-05-06,-0.0024155535494768,0.0077646618489614,-0.0103621316040678,-0.0189536999440692,-0.0090102121681733,-0.0264331532397154
2021-05-07,0.0036220033102365,-0.0127589675392905,-0.0052162853261972,-0.0234394470137368,-0.0037854505437052,-0.0294477997124245
2021-05-10,0.0331779709192216,-0.0150905233742549,-0.0200977189232053,0.0112816005464778,0.0037854505437051,0.0666917315115668
2021-05-11,-0.0070178413925781,-0.0043474510770982,0.0042619477492212,-0.0020429554821684,-0.0113910258169752,-0.0195448155523735
2021-05-12,0.0023447569568083,0.0144402898066705,0.0189624354248898,-0.0061407532731785,-0.009196776091778,0.0065570861914195
2021-05-13,-0.016529940934021,0.0035723215837348,-0.0157751559035657,-0.0051507057993187,-0.0257583747176029,-0.0142621546015762
2021-05-14,0.0094791116711166,0.0176938897651512,-0.0010576986329383,0.0010269337596703,-0.0095254984790689,-0.011111086736708
2021-05-17,0.0105568577425947,-0.0070314787276366,-0.0021295808883858,-0.0093344099860554,-0.0104333076375524,-0.0260338406220992
2021-05-18,0.0150566944643759,0.0014102566439855,-0.0053384384936893,-0.014692592848914,-0.0244848716543638,-0.0022969201902291
2021-05-19,0.0427511741608319,0.0,0.0,-0.0052981525682377,-0.007465785545001,0.0057312157818111
2021-05-20,0.0504665777330675,0.0569187630171671,0.0601867861514387,0.0507681122351046,0.0230380559408554,0.0056973403018815
2021-05-21,-0.0179613215520565,-0.031139848111946,0.0248679946902046,-0.0224698905915678,-0.0032548978230384,0.0135447811848349
2021-05-24,-0.003204302705516,0.0041117283553947,0.0009787766074775,0.0061723664182546,-0.0032747405335528,0.0221735786906658
2021-05-25,0.0032043027055159,0.0,0.0,0.0243412816864285,0.0016387107568726,-0.0077050684101567
2021-05-26,0.0158648049547005,-0.0075511305806946,-0.0009787766074775,0.0060002889825158,-0.0049149663926553,0.0055101754386451
2021-05-27,-0.0158648049547003,-0.0174192177604056,-0.0019704439872987,-0.0170755793482362,-0.0115755484542967,-0.005510175438645
2021-05-28,0.0106034518422586,0.0021225121522719,-0.0059246638599545,0.0090671665087344,-0.0041607766823113,0.0066076369349574
2021-05-31,0.032177649509698,-0.0298927991538525,-0.0009875051185394,-0.0100884565652943,-0.0193906508304699,-0.0066076369349574
2021-06-01,0.0317944098480033,-0.0145454709366295,-0.0039699227345888,0.050438799588341,0.0210607895211524,-0.0066515883769695
2021-06-02,-0.018540018621838,0.0167276867507894,0.0,0.0219290823496659,-0.0210607895211523,-0.0055777864312421
2021-06-03,-0.0035160183072321,0.0014376581721646,0.0069395691133387,0.0065828864671006,0.0084757177572058,0.0089091110630237
2021-06-04,-0.0058852286412281,-0.0108551609761652,-0.0059481378303731,-0.0170069842386142,0.0208848818063917,-0.0077908229915201
2021-06-07,-0.0238964795380015,-0.0102403938217537,-0.0099894636363183,-0.0182789097218025,0.0163866287676737,-0.0011182880715036
2021-06-08,-0.023241747861831,-0.0007338960198632,-0.0368137177940387,-0.0295641946465426,-0.0263565775008014,0.0033499267917541
2021-06-09,0.0110758989321626,0.0029323579825822,-0.0020896210752913,0.0197978151710426,-0.0083833221579362,-0.0067111133228859
2021-06-10,0.0024462376378982,-0.0080847665840873,0.0,-0.0019520858017897,-0.0195458420865057,0.0342007283657579
2021-06-11,0.0193471297021419,0.0124893287673156,0.0114235073207899,0.0097728050535105,0.0127901189450986,-0.0021710616233109
2021-06-14,0.0035860074288386,0.0079848207529045,0.0010282453585693,-0.0078207192517209,0.0168091839900255,0.0054194200286176
2021-06-15,-0.0071849206009281,-0.0014470513377935,-0.0103621316040678,0.0078207192517208,0.0140661864459257,0.0043151793346285
2021-06-16,-0.0012025217515671,-0.0065377694151108,-0.0094218291717007,0.0116051595089679,-0.0215944292521818,-0.0119115501647734
2021-06-17,-0.0060358810637113,0.0144925306519714,0.0042055438455034,0.0019232326152416,-0.017792690173151,-0.0087519791629311
2021-06-18,0.0144233234162065,0.0142854941186663,0.0258342750417115,0.0404376437892866,0.0034172315309526,0.012015630772526
2021-06-21,0.0212529871569878,0.0334665687390409,0.0010270829157005,-0.0176670521181397,0.0,-0.0164211033140884
2021-06-22,-0.0023389406800369,0.0013686984986489,0.0040668340481154,0.0093348162048822,0.000842911927302,0.0
2021-06-23,-0.0058728433862908,-0.0137930343036192,0.0030418823305,0.0193310503900939,-0.0051162790685512,-0.0066442199535837
2021-06-24,-0.0023582493918689,0.0,-0.0071087163786154,0.0090722175051998,0.0051162790685512,-0.0145506749004057
2021-06-25,0.0058852286412281,-0.0020823043270252,-0.0071700560570199,0.0170182904919069,0.0,0.0112107439404494
2021-06-28,0.0058522268594152,0.0124500734568168,0.0071700560570198,0.0,-0.0068307523362726,-0.0055890622640515
2021-06-29,0.0332784277042122,0.0102613805619747,0.0050783843867413,0.0123582219456187,0.0110823578673995,0.019978685719154
2021-06-30,-0.0067943444753516,0.03343696570983,0.0151025472708839,0.0208333860520208,0.0084399101625211,-0.0066161000539784
2021-07-01,0.0101756636454379,-0.0059295221496052,0.0009953887916339,0.0,-0.0033712153140563,0.0055162558621816
2021-07-02,0.0331881780440526,0.0370310775773463,-0.0070090650537593,-0.0129783471303762,-0.0093203003795915,-0.0088401997128195
2021-07-05,0.0086678795702694,0.0600251286426939,-0.0020160368691466,-0.0113736514528066,-0.0215041238081671,-0.0100386418145376
2021-07-06,-0.0634606414321785,-0.0715727131236803,0.0030174266364705,-0.0141880461043372,-0.0264266188769997,-0.0249733372685274
2021-07-07,0.0394418177536051,0.0673479189896098,0.0669815834725803,0.0124240861838757,0.017691823344557,0.0316769497720164
2021-07-08,-0.0077654384927407,0.0396256150683431,-0.0084889746110874,-0.0213905742826011,-0.026661579230395,-0.0157130514864149
2021-07-09,-0.0011140920107283,0.0229229442698802,-0.0009444691436638,-0.0108693542942724,-0.0218656252298064,-0.0159638982856014
2021-07-12,-0.0409613433340708,0.0005655381760458,-0.0327541480859556,-0.0248937950971135,-0.0432818630176912,-0.0080785447889467
2021-07-13,0.0103990560839346,-0.0091045058241203,-0.0288158357394564,-0.0351641155801881,-0.0096522488507225,-0.0234474419098579
2021-07-14,-0.0209073899158572,-0.0497847975560784,-0.0327918736864557,-0.0155859736807699,0.0,0.0082694138783312
2021-07-15,0.0023458641369315,0.0035915799822385,-0.0094218291717007,0.006853499083215,-0.0097573528386843,0.0023496455228459
2021-07-16,0.0162602659889109,0.0059574490640948,0.0094218291717007,0.0,0.0365693037670102,0.0081824214674487
2021-07-19,-0.0244913587670708,-0.0714862964863939,-0.0469116448679547,-0.0551641619248311,-0.027784506366879,-0.0105320669902946
2021-07-20,0.0244913587670708,0.0504596942603673,0.0043547946554514,0.0324650244657805,0.000972555438553,0.0105320669902947
2021-07-21,-0.0023065678041029,-0.0073242830215366,-0.00873979032973,-0.0120479478824004,0.0096522488507226,-0.0070090386713998
2021-07-22,0.0318203721902424,0.0109572478804219,0.0206213358701969,0.0130400561937651,0.0209380173703305,0.0174325688654203
2021-07-23,0.0122292731574801,-0.0214182173735812,-0.0228098870524907,-0.0334571327771451,-0.0209380173703304,0.0091735264393412
2021-07-26,0.03474874798373,-0.0087011815333544,-0.0033030490833475,-0.0103602902345728,0.0019236386466346,0.0147320526446412
2021-07-27,-0.0053512290028721,-0.0144489205729408,-0.0066390098582253,-0.0104687505085228,0.0009604334559023,-0.0158733876660127
2021-07-28,-0.0129591389191059,-0.0057037113425685,0.0,0.0208290407430957,0.0085919485499306,-0.00688165735215
2021-07-29,0.0151025425955581,0.0356417182997177,0.0316806032149843,0.0092386450643093,-0.0009522128968642,-0.0011505340658195
2021-07-30,0.0064040882270283,0.0079413243719305,0.029657026375824,0.0010285896043487,0.0197875154876864,-0.008097230273987
2021-08-02,0.0168775954465816,0.0347352134741558,-0.002083356231388,-0.0102672346686582,0.0027980840388937,0.0046351906844652
2021-08-03,0.0020896505838008,0.0,0.0093727353761822,0.0183927182990838,0.0630815076783327,0.0069121348009448
2021-08-04,-0.0020896505838009,0.0005875074720123,0.0,-0.0030376853169786,-0.0043818474826233,0.0
2021-08-05,0.0104061284076793,0.0175015934714381,-0.007289379144794,0.0090985074151214,0.0,-0.0057576129401308
2021-08-06,0.0,-0.0087125090026168,0.0041748847381032,-0.0131719398507487,-0.0061570941477153,0.0069054135550953
2021-08-09,0.0092739455049612,0.0133190430602553,0.0031144944066909,0.0020387903228557,-0.001768997300975,0.0057168843703734
2021-08-10,0.0030718825256242,0.0005743275739376,-0.007289379144794,0.0070966857140465,-0.0008856735429205,0.0191986681802224
2021-08-11,-0.0175347180284455,0.0063132179785006,-0.0041817246417418,0.0150341774152395,-0.0178498142387843,0.0166397060550598
2021-08-12,-0.0242245402654984,-0.0289956730815148,-0.0094813842703174,-0.0059814033488501,0.0009016174004964,-0.0044103312468481
2021-08-13,0.012712021820355,0.0058738623051161,0.0,-0.0030171404102599,-0.0018040484485839,-0.0066515883769695
2021-08-16,0.0063620112088162,-0.0052866997954751,0.0,0.0100005349791745,-0.0027121897482377,-0.0044594983597385
2021-08-17,-0.0084925707951608,-0.0011746699816532,0.0105364446611534,0.0039595892247714,0.0059733153963692,-0.0022366300725993
2021-08-18,0.0021292681464599,0.0151992039317214,-0.0084181073545873,0.0,-0.0101626890922016,0.0078081997528063
2021-08-19,0.005305346049496,0.0,-0.0074176638193965,0.0176706334516713,0.0604443496049078,0.0033276281739906
2021-08-20,-0.0181534217286894,-0.0505430545386193,-0.026959594589837,-0.0266244408057336,-0.0624893400926356,-0.0280762013240401
2021-08-23,-0.0195863627665925,-0.0366389520027085,-0.0333343475551432,-0.0283611352982622,-0.0154722013770762,-0.0207144367538858
2021-08-24,0.0098417942927683,0.0150810075722163,-0.002266909287572,-0.0030978917911308,-0.0083507792174199,0.0034821346224532
2021-08-25,0.0,0.0062016285359454,0.0079060866095714,0.0051534182321585,-0.0084211023964082,0.0069281032186078
2021-08-26,-0.0054558486211361,0.0030864510701551,-0.0319710449649848,-0.0072062322403463,-0.0159832917748111,0.0011504415703389
2021-08-27,0.0065423998523765,0.0153277458498945,-0.0046485029325816,0.0102750177174703,0.0180952249779548,0.0
2021-08-30,0.0021722003906809,0.0105021457071663,0.0069705629468211,0.0152172433044543,-0.0074113626696421,0.0045873525438612
2021-08-31,0.002166178359166,0.0035972568859087,-0.00464952454323,0.0010140933834899,0.0,0.0
2021-09-01,0.0,-0.0072257674357022,-0.0081711638858313,0.0,0.0,0.0079772725114379
2021-09-06,0.0266969083256779,0.0072257674357022,0.0139738196607856,0.0060113930751366,0.0095188450092068,0.0022670616946038
2021-09-07,-0.0148615387450974,-0.0063128421773876,-0.0034751912459636,0.0,-0.0116465053863235,-0.0057754146537117
2021-09-08,-0.0042872255147729,0.0099152754502685,0.0,-0.0030011794385317,-0.0204418091651768,-0.0104837555748923
2021-09-09,0.0010725538689754,0.0651594883986804,0.0486777692585552,-0.0040243070200947,-0.0076377894481175,-0.0023449993978395
2021-09-10,0.0032146716457975,0.0,0.0379480405294108,-0.001002101894801,0.0,0.0151426818585221
2021-09-13,-0.0053622363162228,0.0500261118690901,-0.021504793712322,-0.0111557445724578,0.0076377894481175,0.008059852840415
2021-09-14,0.0085653127611125,-0.0040018126083769,-0.0331499711106591,0.0020387903228557,0.0,-0.0022953305976426
2021-09-15,0.0031928494951637,0.0007919512313388,0.0320658162579711,-0.0122822594125536,-0.0065430985889359,-0.0103989641478378
2021-09-16,0.006356559809822,-0.0080455915840905,0.0118943576140756,0.010243469089698,-0.0401839778190333,0.0034775391365036
2021-09-17,0.010503600391482,-0.0048651568568959,-0.0053959924301157,-0.0092197030039371,-0.0114548789747664,0.0011569027685619
2021-09-20,-0.0136774725573827,0.0,-0.0163425518432957,0.0243908126969685,-0.0011527378798082,0.0251154465930581
2021-09-21,-0.0095786135839746,0.0064762100039462,-0.0099420589415728,-0.0161854755708511,-0.0127686006387997,0.0011269209059727
2021-09-22,-0.0032146716457975,0.0152329802819479,0.0327519459940636,0.0151863902346338,0.0058241282859887,0.0299530678207969
2021-09-23,-0.0010725538689753,0.0488938707652645,-0.0097167556515434,0.0,0.0115474724247719,-0.0076807765508111
2021-09-24,-0.0043056849856981,-0.0114264170638114,-0.0021647898889235,0.0,-0.0011487652038733,-0.0011009260478531
2021-09-27,-0.0064941478279145,-0.035084158028526,-0.0109283415120238,-0.0151863902346338,-0.0103987072208986,-0.0211713652221325
2021-09-28,0.0097248220121625,0.0055443288901403,0.0217385442734113,0.0121701104502775,0.0046350025041484,0.0056144559318387
2021-09-29,0.0021475646704254,0.0086373808728071,0.0032214939542587,-0.0070823121368304,0.0023094698486626,0.0033543092193067
2021-09-30,-0.0021475646704253,0.0,0.056259138653271,-0.0132931354395645,0.0148829306917102,0.0
2021-10-01,-0.0010761676934559,-0.0126013127384729,0.0030357469377987,-0.0134587572292066,-0.0034149151000691,0.0022299716366772
2021-10-04,0.0181340512497293,0.0,-0.0020159430843825,-0.013656023396821,0.0011396012629335,0.0044439142355022
2021-10-05,-0.0021170336560757,0.0047421358420159,-0.0183916574057625,0.0105263414994771,0.0090703569699642,-0.0066738858721793
2021-10-06,0.0,0.0117578786010469,0.0112829410271469,0.0,0.0,-0.0033543092193068
2021-10-07,-0.0010589125585371,-0.0023405419062084,-0.011282941027147,0.0124737275758218,0.002254792387089,-0.0056144559318387
2021-10-08,0.0476271508509515,0.0062397317757863,0.025450196422647,0.0020528140081879,0.0056148378843289,0.0089687651511455
2021-10-11,0.0030296776936016,0.0054241225289383,0.0248085539690442,0.0051534182321585,0.0286995414791879,0.0044549815622774
2021-10-12,-0.0020187649030122,0.0198690696235021,-0.0198014305520418,-0.0051534182321585,0.0108226164581514,0.0044340593389488
2021-10-13,0.0040322413228194,0.0135313098325433,0.0099497265568021,0.0,0.0021505384632285,-0.0033245753570338
2021-10-14,-0.0060538611846856,-0.0029811217838073,0.0,-0.0030941609108302,-0.0064655397646418,-0.0011094839819148
2021-10-15,0.0010107070712767,-0.0082822164536593,-0.0049574278531282,-0.0020725673147425,0.0010804971337541,0.0
2021-10-18,0.0010109127905894,-0.0129152522085753,-0.0150420180531784,-0.005193562009,0.0,-0.0022250099256001
2021-10-19,-0.0040485661407183,-0.0076840798931368,-0.0101517423786986,0.0041623648585421,-0.0021621630044952,0.0055521051138756
2021-10-20,-0.0101930895212463,-0.0038720861982185,0.0101517423786986,-0.0146311153670648,-0.001082837138832,-0.0033270951882753
2021-10-21,-0.009264346923694,-0.0171605191693307,-0.0101517423786986,-0.0105795057367965,-0.0141846349919564,-0.0100505837226806
2021-10-22,-0.0051843292710286,0.0047122906978438,0.0101517423786986,0.0031828809968552,0.0087527911095947,0.0155903831974876
2021-10-25,-0.0136058940651937,0.0062434839096914,0.001016714252259,-0.0021253701686877,0.0032626456348163,-0.0044303154928922
2021-10-26,0.0208557010709393,-0.0031247326615773,-0.0081110633956013,-0.0010575108281674,0.0010851873012869,-0.0055644655441922
2021-10-27,0.0133269350297002,0.0307707055310085,0.0359676795043799,0.0220971932842477,0.0299167610379926,0.008889040901226
2021-10-28,-0.0020381059729593,0.0,-0.0029492205947763,0.018549998259954,0.0,0.0022102589607965
2021-10-29,-0.0112888290567407,-0.0045549112744921,0.0233537563266883,0.0010285896043487,0.0083857933762739,0.0011033002089643
2021-11-01,-0.0114164559904565,-0.0107043492550633,-0.0282818276450416,-0.0102672346686582,0.0,-0.0077476185087097
2021-11-02,0.0031262973934781,-0.008506189859349,0.0378506265940906,0.0092386450643093,0.0,-0.0089287198247616
2021-11-03,0.0,-0.0007655233663175,-0.0047778213945998,0.0081468986664655,-0.0052328743166583,-0.0112744882897343
2021-11-04,-0.0010414350499421,0.0084971798432858,-0.0047909775544492,-0.0030538777150077,-0.0031529190596156,0.002265327654584
2021-11-05,0.0165304628358976,0.0160337939119362,0.0377377921639522,-0.0091782477836087,0.0,0.0090091606351504
2021-11-08,-0.0020518931798354,-0.0030241034745976,0.0,0.007141520296579,-0.0010531859846587,0.0177772643813245
2021-11-09,-0.010319321207509,-0.0122351570549578,-0.0186908890247214,-0.0112568070719577,0.0,-0.0110735544821631
2021-11-10,0.0062041121907149,0.011470046076547,-0.0287081493228066,0.0051348505698793,0.0,-0.0011143642217797
2021-11-11,-0.010363360639268,0.0262725759288801,0.0144522237380249,0.0071474088426741,-0.001054296354906,-0.0011156074148974
2021-11-12,0.0206204227036612,0.0073687046040429,0.0503880858222333,-0.0010254523405959,-0.003169574761279,-0.0033543092193068
2021-11-15,-0.0071693806499297,0.0247070531278484,0.0081489375267839,-0.0051034311592305,0.0052770571008438,-0.0033644168312931
2021-11-16,0.0102256014933909,-0.0108310073435569,-0.0255902087395143,-0.0051296098269662,-0.0021074823395646,-0.0045051522961027
2021-11-17,0.0,0.0,-0.0149265708485421,0.0082053371261173,0.0156989095431038,0.0022551131955571
2021-11-18,-0.0184815383820965,0.0079532242857756,-0.0018851770424075,-0.0102672346686582,-0.0188684843043828,-0.0090499324186465
2021-11-19,-0.0125131303635296,0.0,-0.0374150819044347,0.0010381314567799,0.003169574761279,-0.0218268769854499
2021-11-22,-0.0031525825020453,-0.0028860886004072,0.016489037631432,0.0173545868423039,0.0,0.001160930608231
2021-11-23,0.0167017543747574,0.0312556717251946,0.0162119301908322,0.0030284857233114,0.0,0.0011595844110444
2021-11-24,0.0133680432235744,0.0069718952838433,0.0,0.0559259349344137,-0.0074113626696421,0.0138087301075158
2021-11-25,0.0212238162506324,0.0069097414908669,-0.0152538509684766,0.0217136131457647,-0.00106326432133,0.0
2021-11-26,-0.0110618004411422,-0.0244243613077589,-0.025293504464901,-0.0198050393787839,0.0467617659080392,0.0091014081670597
2021-11-29,-0.0081218295155437,-0.0286746101524466,-0.0340671003134023,-0.0378458437361393,0.0667568709618866,-0.0091014081670597
2021-11-30,-0.0102453120061055,0.0101233867969049,-0.0020448312873981,-0.022010989500304,-0.0028530689824063,0.0011423664802819
2021-12-01,0.011264464490997,0.0,-0.0061492475965906,0.001018197096033,0.0094787439545437,-0.001142366480282
2021-12-02,-0.0102348222006956,-0.0137754078986413,0.0010240228269688,0.0010041274390155,0.0112571545246344,-0.0011436729740941
2021-12-03,-0.017644670607796,-0.0258691570415832,-0.0355270730743761,-0.0111539693537373,-0.0159852957205803,-0.0184764725083483
2021-12-06,-0.0105269913963994,-0.0158673177204464,-0.030244584042052,-0.0268901989017147,0.0009474183560398,-0.0058441525212708
2021-12-07,0.0157479555282705,0.0158673177204466,0.0281104583586761,0.0289179027617941,0.0103627870355466,0.0139694947819877
2021-12-08,-0.0041753502467011,0.0029811217838074,0.0294184431104181,0.0050906052020374,-0.0075259057003469,-0.0057967218398
2021-12-09,0.0145387108859691,0.0007514051629428,0.0257081428968597,0.0050518013881608,0.0103335818545453,0.0115612440825722
2021-12-10,-0.012448222982804,0.0007508409771294,-0.0122570421423877,0.0080275883534274,-0.0371294434389919,-0.0080784491285623
2021-12-13,0.002084862343536,0.0059417525572258,0.0122570421423878,-0.0040122232328537,0.0009694620245481,0.0011570241172281
2021-12-14,-0.0031295600277587,0.0036938884386295,-0.0236253128622514,-0.0030132632257725,-0.0068060544689995,-0.0011570241172281
2021-12-15,0.0020883051140813,0.0036951063390517,-0.0020828300346083,0.0060304036360326,-0.0246926125903715,0.0
2021-12-16,-0.0041797092181937,-0.0170755349573637,-0.0242480692342179,-0.0080486466273739,0.0,0.0034694927768242
2021-12-17,0.0093802125804242,0.006712593625962,0.0190219351747967,-0.0265879322479682,0.0198026272961797,-0.0104472549513912
2021-12-20,-0.0062441107920892,-0.0112128201912299,-0.0137064367334606,0.0306203531288648,-0.0298529631496811,0.0
2021-12-21,-0.006283344821575,0.0,0.0063543217659414,-0.0060547454159452,-0.0091324835632724,-0.0023355526161091
2021-12-22,-0.0021024005354379,0.013440375511744,-0.0031721137158238,0.0043397019895608,0.0151747980192351,-0.0011704407842163
2021-12-23,-0.0191297101143648,-0.0089401489464761,-0.0084977064914536,-0.0052151356791081,-0.0368139731227163,-0.0082304278945706
2021-12-24,0.0064177480906871,0.0074606487176976,0.0106135666082347,0.0258078839558725,0.0051948168771039,0.0152313885154529
2021-12-27,0.0074346141959561,0.0022258914619847,0.0136345026259833,0.0164248796674003,0.0255768417896497,0.0011622799347344
2021-12-28,0.0,0.0066481003360609,-0.0041787199653457,0.0025031302181184,-0.0060790460763822,-0.0069927997714005
2021-12-29,-0.0095697227600441,-0.0103556841914597,-0.0254240999249662,-0.0062696130135953,-0.0299145565715231,-0.0035154401820559
2021-12-30,0.0,-0.0007491647164192,-0.0075342225570175,-0.013933094303924,-0.0052493558861436,0.0011731870765343
2021-12-31,-0.0064302041970244,0.0118457433494991,0.0392198724819378,0.0050890695074712,0.0010520779508038,0.0128125920134257
2022-01-04,0.0053622363162228,0.0138860475212934,0.0031056577264994,0.0025348556031881,0.0601915472899148,0.0034667007592375
2022-01-05,0.0010679678808014,-0.0050965971980998,-0.014604653568161,-0.0127390257774297,-0.009950330853168,-0.00578330928751
2022-01-06,-0.0010679678808015,0.0029176125613393,-0.0052757072694208,0.0140040480840164,0.0440168854167742,-0.0093241711638479
2022-01-07,-0.0010704093908627,-0.0146590836007937,-0.0074222987234524,0.0088106296821549,-0.0222553936352616,-0.0023449993978395
2022-01-10,-0.0151033389395646,-0.0186237408063707,-0.0074886480903855,-0.0037664827954768,0.0009779951879767,-0.0011943382137514
2022-01-11,-0.027550143429699,-0.0090616687696159,0.0096072587736252,-0.0012586534071961,-0.0127891561163213,0.0
2022-01-12,0.00111702773818,0.0313629746674209,-0.0149799320343156,0.0075282664207915,-0.0019821612039912,-0.007193651024854
2022-01-13,0.0275198056935605,-0.0036775650914342,0.0149799320343157,0.023472356185142,-0.0200407508834461,0.0
2022-01-14,-0.00872410657513,-0.0111295675957758,-0.0021186106832397,0.0181493185056772,0.0010116338748442,0.0190708821613314
2022-01-17,-0.02551393083529,-0.03030419392226,-0.004272358126102,0.0330218683049463,-0.0193982601252835,-0.0214811435091517
2022-01-18,-0.0101641185682385,0.0007739339446749,-0.002143043507863,0.0161108202726982,-0.0114049966139902,0.0060135554231832
2022-01-19,0.0022668740003825,0.025797733030835,0.0032128454804255,-0.0091743762760412,-0.0010432969125776,0.0
2022-01-20,0.0056468551257138,0.00373252694675,0.0085067539567437,0.0034502621921525,-0.008385793376274,-0.0048076985794782
2022-01-21,-0.0067789616041008,-0.0059817712284211,0.0115838399373007,0.0238241557275066,0.0052493558861437,-0.0048309242520951
2022-01-24,-0.0334326537352374,-0.0250969560762197,0.0145544621396206,0.0417184535672922,-0.0052493558861436,-0.0195605134861807
2022-01-25,0.0139698755314984,0.0084409522293364,0.0010322877558311,0.0296631918235588,0.0104712998672954,-0.0224721883147589
2022-01-26,-0.005797435900393,0.0068453035652999,0.0404112924954752,-0.0136628504771177,0.0041580101486636,0.0062923053888195
2022-01-27,-0.0011638139945882,-0.0030416763357087,0.0,-0.037740327982847,0.0010368067284403,0.0417757251683305
2022-01-28,0.0410545831236425,0.0075793175478174,0.0292740394310034,-0.0222231367847102,0.0051679701584425,0.0
2022-02-07,0.0,0.0105034251349527,0.031234000083788,0.0374906089154986,-0.0616560814230971,0.0048019255232283
2022-02-08,0.0122165309413741,0.0177763254081076,-0.0216665856937661,-0.0043384015985981,-0.0437044342347291,-0.018127052233363
2022-02-09,0.0011021336036323,0.0051117098496683,-0.0163263386054533,-0.0131292914417927,-0.0184976372418224,0.0097088019389993
2022-02-10,0.0142314788846923,-0.0051117098496682,0.0,0.0054915019936751,-0.0200360267604204,-0.0012087705451809
2022-02-11,-0.0043572823206526,-0.0073671982969967,0.014418235335908,-0.0143411172706577,-0.0277627969773564,-0.0085000313938184
2022-02-14,-0.0065710632033563,-0.0247026553408727,-0.0019117510891577,-0.0454623740767572,0.0012232417427442,-0.0110365910072782
2022-02-15,0.0010986242970326,0.0098034049674998,0.0085646622307768,0.011560822401076,0.0229617338867283,0.0012326033387753
2022-02-16,0.002192304653888,-0.0029945575916767,0.007560389974161,0.0,-0.0096039153541804,-0.0099010583072677
2022-02-17,0.0162954338156718,0.0119547329975165,0.0149326946008749,0.005730674708985,0.0024096397201531,0.0049627829730322
2022-02-18,-0.0064858168519026,-0.003718646980635,-0.0083733672035192,-0.0034344624486348,-0.0108893997992683,-0.0024789545205695
2022-02-21,0.0140015479397463,-0.0007514051629428,-0.0046781274354351,0.0022909517465557,0.0168882180285217,0.0049505019910514
2022-02-22,-0.0064384040096789,0.0279883672826311,0.0323331802040523,-0.0068886609951852,-0.0193242728264028,-0.0124218655217654
2022-02-23,0.001076167693456,0.0007306737136418,-0.0036459093003499,0.0011514106050418,0.0060790460763821,0.0
2022-02-24,-0.0108115120142045,-0.0072867277909588,-0.0054846350739496,-0.0185835777737129,-0.0295224392663217,-0.0176555702188972
2022-02-25,0.0032565337241067,0.005824846089195,-0.0110697247621293,-0.002347418918305,-0.0125629793007053,0.0038091981602649
2022-02-28,0.0107752488204577,-0.0116986214443562,-0.0455563726598687,-0.0070755012162002,-0.0269074529199243,-0.00635630887133
2022-03-01,0.0010715563950001,0.0,0.0192370637840896,0.0058997221271883,0.0281708769666962,0.0101523581369689
2022-03-02,-0.0032168161239102,-0.0110884857065751,-0.0153579765776032,0.0,-0.0037950709685516,-0.0088786506590182
2022-03-03,0.0032168161239102,0.014767323266537,0.0057905621875815,0.005865119452398,0.0012666246151929,-0.0012737074779507
2022-03-04,0.0010704093908628,-0.0051452763767555,0.020930683496304,-0.0070422826254129,0.0,-0.0063982979728652
2022-03-07,0.0032030764448896,-0.0118545752928789,0.0224673560199092,0.0,-0.0063492276786587,-0.0142209617428326
2022-03-08,0.0106038515444955,0.0,-0.0186859866124632,-0.0408710730704845,-0.0076726719116601,-0.0091573823378617
2022-03-09,0.0073577540478598,-0.0029744489909595,0.0415697329497924,0.0182375875497807,0.0012828738128891,-0.0132270128957197
2022-03-10,-0.0094690347971946,-0.002244196533328,-0.0201046887770855,0.0060060240602119,0.0140040480840164,0.0262826950024326
2022-03-11,-0.014910318885848,-0.0037616462638447,-0.0357147074790981,0.0035863756312276,-0.0012650223065867,0.0116058660461165
2022-03-14,-0.0151346834133422,-0.0098256224195078,-0.0591305720546626,0.0047619137602437,-0.0089002494702641,-0.0103093559164379
2022-03-15,-0.0087527387952965,-0.0022800490370939,0.0436985260484806,-0.0375119601269138,0.0,0.0
2022-03-16,0.0065710632033563,0.0,-0.0009773452174595,0.0171153322192679,-0.0025575461511171,0.001293493214098
2022-03-17,0.0043572823206526,-0.0045757534617237,0.0019439769718824,0.0060423144559626,0.0038338705107218,-0.011710240042131
2022-03-18,0.0331411778287033,0.0061065612616182,0.0048483291357809,0.0143543134516831,0.0050890695074712,-0.0052493487602674
2022-03-21,0.0021001914723366,0.0247616304016575,0.0200853790149233,0.0082791720690205,0.0275361578086053,0.0208340588401128
2022-03-22,0.0114772736470568,0.0022209478710442,0.0131727050249412,0.0,0.0147061473896954,-0.0090625473793696
2022-03-23,0.0010358567164728,-0.0014751133222326,-0.0179243956600259,0.0,-0.0097800290536396,-0.0104576081088341
2022-03-24,-0.0051951051650259,-0.007438428083167,0.017924395660026,-0.0166274614604918,-0.0049261183360558,-0.0065909532514706
2022-03-25,-0.0031295600277587,0.0359120379934743,0.011145117161529,-0.0120483385161744,0.0,-0.0053050449518015
2022-03-28,0.0247689362194878,0.0360658431724337,0.0,-0.0012128564252092,-0.0061919702479211,-0.0242279662302291
2022-03-29,0.0670209651570861,0.0172131308007277,0.0210332801707682,-0.0060864460564023,0.003719781102532,0.0282090435497436
2022-03-30,0.0104312293518624,-0.0144490784504507,-0.0201046887770855,0.0012202564052293,0.0037059955943174,0.0092284576305703
2022-03-31,0.009389119565759,0.0096558789095525,0.0201046887770854,0.0012187691941294,0.0012322860462651,0.0598520022879872
2022-04-01,0.036702276523644,0.0676195504459568,0.0588722085869254,0.0084900449328314,0.0110227692907502,0.0098401746715057
2022-04-04,-0.0154339902395464,-0.0064338873677189,-0.0051334859134285,-0.0024183808642816,0.007281585571263,0.0061016128673031
2022-04-05,-0.0027482184751428,0.0012849051392381,0.0102407536824265,0.0048309272696655,-0.0048484943466215,-0.0221404685118348
2022-04-06,0.0360397196530327,0.0229391088549127,0.0025396297951937,0.0190936588155796,-0.0221139232585064,-0.0137770080011484
2022-04-07,0.0026510658138911,-0.0242240139941509,-0.0257262220174497,-0.0190936588155797,-0.0125001627642314,-0.0101395005291145
2022-04-08,-0.0432887462003963,-0.0327919873556087,-0.005227385126466,0.0,0.0272969802056709,-0.0154046640810209
2022-04-12,0.0119105629498746,0.0178495415449246,-0.0185096124221805,-0.0072551708811719,-0.0049079853121923,-0.0064883031126276
2022-04-13,0.0471407703228952,0.0226530031779073,0.0315228614595055,0.0,0.0110092855083693,0.0051948098985295
2022-04-14,0.0129476198903137,0.0209151282711834,0.0085852249742712,-0.0171362822429872,-0.006101300196177,-0.0117268418584233
2022-04-15,-0.0138170658843283,0.0043698162309082,0.000850190485281,-0.0099256397999699,-0.0123154265900541,0.0026171238100776
2022-04-18,0.0043386392254545,0.0,0.0532138655147021,-0.031668257498867,-0.0149815536156169,0.0065150146680527
2022-04-19,-0.0307722827229815,-0.0265616145015959,-0.0379566683838829,0.0,-0.0088440247964527,-0.0130713922080075
2022-04-20,0.0,0.0,0.0,0.0089686699827603,0.0063251317769687,-0.0052770498995617
2022-04-21,0.0,-0.0032182420517815,0.0008450585705921,0.0,-0.0229601922815009,-0.007968848298239
2022-04-22,-0.008068403914663,0.0019399400822805,-0.0341972409506513,0.0473313747057721,0.0025773210143005,0.0119289033973148
2022-04-25,-0.0718256415782312,-0.0725319323937367,-0.0720975755871356,-0.0048780584534328,-0.0194937946810011,-0.032131244807218
2022-04-26,0.0086666453207089,0.0265538113425484,0.0037319774012508,-0.0160200591841836,0.0233473639969911,0.0321312448072181
2022-04-27,-0.0125425986482528,-0.0108132688585557,-0.0037319774012508,0.0123458358222993,0.0,-0.0119289033973147
2022-04-28,0.0239821266736306,-0.0150600483356745,-0.0075059994645715,0.0,-0.0012828738128891,-0.0093768072697458
2022-04-29,-0.0047508657682814,0.0285618358735674,0.0168006504595394,-0.0073891961823709,0.0266006817971789,-0.0013471486582408
2022-05-04,-0.0047723826009273,0.0020082899225561,0.0027790575602437,-0.012437971292217,-0.0037570488777122,-0.0231779286558014
2022-05-05,0.0019114550920938,-0.0006734732616289,0.0155732963981128,0.0136733019002098,0.0037570488777123,-0.0055325155908778
2022-05-06,-0.0439309847686876,-0.0189202001442053,-0.0323363673950809,-0.0199507864193486,-0.0025031302181184,-0.0267053551780683
2022-05-09,-0.0638736925083039,-0.0721157420338579,-0.0720184391810419,-0.0190724153763874,-0.0088106296821549,-0.0028538057297039
2022-05-10,0.0457470244916736,0.026764170697522,0.0386013884471527,0.0266006817971789,0.0163013014113125,0.0085356350229309
2022-05-11,0.0349506264702555,0.0064021530465365,0.0381064131756456,0.0,0.001243008239597,-0.0157030082500944
2022-05-12,-0.0638196996308635,-0.0479296470783083,-0.0567236054015715,-0.0382212128201977,-0.0188093319574962,-0.0441255322906931
2022-05-13,-0.0211423280416136,-0.071707513464189,-0.0362538627558967,-0.0533459807052927,-0.0127390257774297,-0.0060331984509478
2022-05-16,-0.004282639526599,-0.0169254906586307,0.0051108400149237,0.0163047090249435,-0.0129034048359078,-0.004548513736228
2022-05-17,0.0674179200022228,0.0675789575765608,0.0507356630187259,0.0239691901129964,0.0129034048359077,0.0618746177050326
2022-05-18,-0.0202640119859985,0.0143365099205521,-0.0097483369622115,-0.0079260652724207,0.0,0.0042776603159972
2022-05-19,-0.0071902295620424,-0.0037616462638447,0.0,0.0079260652724207,-0.0012828738128891,-0.0186656482078074
2022-05-20,0.0051416818898223,0.0074941732105948,0.0374879664685347,-0.0092532054804831,-0.0012845216923566,-0.0131296612688255
2022-05-23,-0.0103099373640644,-0.0241755981289205,-0.0142496633063912,-0.0120241929668017,-0.0051546505886645,-0.0267865255690989
2022-05-24,0.0174634235115946,0.0166814249183256,0.0320137891848943,0.0160003413464411,0.0025806465934917,0.0384654860241517
2022-05-25,0.0669537745314377,0.0441305759678722,0.0671976169900179,0.0183491386681966,0.0012878301844286,0.0426207903745625
2022-05-26,0.0056985663428501,0.0,-0.0095750626515332,-0.0039037134804732,0.0,-0.0083806536075553
2022-05-27,0.0570534136060925,0.0539140046937719,0.0676452513399875,0.0090850722224708,0.0038535693159899,0.0235634595261153
2022-05-30,-0.0044825482868913,-0.0102754564270346,-0.0148215875263499,0.0077220460939103,0.0063897980987709,-0.0068732310888891
2022-05-31,-0.0126588762260424,-0.0020678225155578,-0.0475871542489534,0.0114724011622367,0.0038143720754706,-0.0110958102752795
2022-06-01,0.0171414245129339,0.0041313779631816,0.0206674917700741,0.0200759565726892,0.0063251317769687,0.0027862354456087
2022-06-02,-0.0026877703133841,0.015008554812543,0.049078628868066,-0.0188093319574962,-0.0050569007889737,-0.0111889157772628
2022-06-03,0.0221740103010782,0.0365579451950594,0.0,-0.0191699161077201,-0.0012682309879951,-0.0113155255757192
2022-06-06,-0.0088100454162711,0.0097415042529746,0.0145071535023681,0.0279916494368679,-0.0038143720754706,0.0070860983343177
2022-06-07,0.0227474795664859,-0.0045647291521147,0.0237126314796979,0.0161795688762694,-0.006389798098771,-0.0028281236273841
2022-06-08,-0.0052032726742357,0.0026109675407203,0.0,-0.0224728558520586,0.0012812301560485,0.0056497284149481
2022-06-09,0.0026050205891154,-0.0039190122007357,0.0038954013822986,-0.0178348676360342,0.0,-0.011331557708175
2022-06-10,-0.047057071054101,-0.0184945826361644,-0.062615494219395,-0.0012861738107441,-0.0012812301560485,-0.0100211789568674
2022-06-13,-0.0614882813878802,-0.0689928714869514,-0.0721380855563471,-0.0168725612011269,-0.0207261305171169,-0.0456308123398073
2022-06-14,0.0330895335124412,0.0246926125903714,0.0324175639858837,0.007822725681209,0.0026143805740708,-0.0045279184018335
2022-06-15,0.0155904196273484,0.0288481543376583,0.0170973708164316,-0.0065146810211936,0.0013046316266649,-0.0245035133511612
2022-06-16,0.0164391759013107,0.0674118434896326,0.0316927933530003,0.0334221339411181,-0.0013046316266648,0.0528420804467133
2022-06-17,0.0,-0.0165925950934197,0.001640973572543,-0.038664609905968,0.0,-0.0193015891439755
2022-06-20,0.0,-0.0501424294194456,-0.0333337669255433,-0.001314924581309,-0.0131407935610582,0.0339011381254174
2022-06-21,-0.0320295955286591,-0.0054274217353651,0.0151332304284019,0.0221219170872706,-0.0079681696491768,0.0658958959174591
2022-06-22,-0.053007460170208,-0.0516513964504642,-0.0322306012448336,-0.0221219170872707,0.0,-0.0429722730027179
2022-06-23,0.0117647645672411,0.0379525520923023,0.0432453988567105,-0.0013166558847467,-0.0107239633629757,0.0014157931354203
2022-06-24,0.0,-0.008310297133628,0.0123712918025468,-0.0119285708652738,0.0053763570363804,0.0112518645199009
2022-06-27,0.0116279627634002,-0.0055788150270389,0.0596598364063357,-0.0013342230131366,-0.0107817756032883,-0.0056101067865357
2022-06-28,0.0363261256575591,0.0180185055026782,0.0,0.0185190477672375,-0.0027137058715962,-0.0042294272414013
2022-06-29,0.0033383185739118,0.0027434859457508,0.0,-0.0105402820354322,-0.0027210901143606,0.0209662014868623
2022-06-30,-0.0431392449043458,-0.0207619914484291,-0.0077519768043179,-0.0093147712745474,0.0013614705983211,-0.0013844399489634
2022-07-01,0.0206665167831,-0.0169256508833427,-0.0023373598487048,-0.0107527917762618,-0.0123204843880406,0.0205623878374348
2022-07-04,-0.0148822610996533,-0.0362096038702693,-0.0349241842360739,0.0013504390978715,0.0013764627087232,0.0188184417107794
2022-07-05,-0.0151082775898503,-0.0345120523051436,-0.0429108736868706,-0.0013504390978714,-0.0055172553747546,-0.0269921637512878
2022-07-06,-0.0224987284007351,-0.0231670592815344,-0.0572576152685305,-0.0163491380015294,-0.0686965312862348,0.0004314933627582
2022-07-07,-0.004803115282994,0.0,0.0350913198112701,0.0364167010523388,0.0335064118898427,0.0320138682458639
2022-07-08,0.0059993905059638,0.0155041865359652,0.0,-0.0200675630508092,0.0028612322810321,0.0
2022-07-11,-0.0096154002414271,-0.0077220460939102,-0.0043196611445163,-0.0273989741881143,0.0,0.0
2022-07-12,0.0084191250184572,-0.0015515906914188,0.0111925404322784,-0.0013898542890543,-0.0014295928095944,0.0041011677442146
2022-07-13,-0.0120494839628072,-0.0125001627642314,-0.0155309420308766,-0.0013917886728224,-0.0057388966690181,-0.0109740470319766
2022-07-14,0.0036303589443498,-0.0158481922400236,0.0043384015985981,0.0083218233374922,0.0,-0.0013802624689584
2022-07-15,-0.0072727147388445,-0.0177281032935806,-0.0174676930403908,-0.0013821702269516,0.0014378147696274,-0.0111112254250707
2022-07-18,0.0096852464240779,-0.0081633106391609,0.0,-0.0041580101486636,-0.0232568621642672,0.0013956736389747
2022-07-19,0.0,-0.0165293019512105,-0.0267873159636498,-0.009769791595805,0.0116960397631912,0.0152252075970655
2022-07-20,0.0226339449141293,0.0198026272961797,0.0276679853292433,0.0166902344403789,-0.0087591800898815,0.0027434859457508
2022-07-21,0.0011765603879951,0.046297174408344,0.0035149421074445,0.0,0.0043891804187631,0.0027359798188748
2022-07-22,0.0011763664720741,0.0062208598751025,0.0043763745997987,0.0,-0.0296317976063711,-0.0165293019512105
2022-07-25,0.0035184499597605,-0.0187798946515963,-0.0114186572252117,0.0055020771539833,0.0119582889888735,0.0124225199985571
2022-07-26,-0.0070505160895022,-0.0047506027585978,-0.0106572944739879,0.0136241889395436,-0.0179914897930415,-0.0124225199985572
2022-07-27,0.004709425097034,-0.0143887374520995,0.0017841217935013,0.0147752855821544,0.0060332008041679,0.0027739268827252
2022-07-28,-0.0035326689330487,-0.0016116038943415,0.0071048256237445,0.0039920212695374,0.0074906717291576,0.0055248759319698
2022-07-29,-0.0166286030700185,-0.0162605208717802,0.0088106296821549,-0.0080000426670762,-0.0458095360312942,0.0027510333718897
2022-08-01,0.0059791813342806,0.0049059787688544,0.0259754864032607,0.0303253297149121,0.010878118147183,0.0095694510161506
2022-08-02,0.0118283652294203,0.0113545421029258,-0.0042826617920008,0.0243758059981446,0.0289433760394885,-0.001361470598321
2022-08-03,-0.0023592785358445,-0.0032310205814464,-0.0043010818993905,0.0075757938084577,-0.0090498355199179,0.0
2022-08-04,0.0152132451365773,0.0144580831752299,0.0,0.037041271680349,0.0060423144559626,-0.001363326727864
2022-08-05,-0.0034839139779603,0.0,-0.0095280062516546,-0.0060790460763822,-0.0151747980192351,-0.0095956870618554
2022-08-08,0.0023317994855352,0.0031847160675199,0.0155443544378003,0.0,-0.0123078476745968,-0.0055248759319698
2022-08-09,0.002314639062785,0.0063391654437356,0.0,-0.0147422817372034,0.0107776254938291,-0.0027739268827252
2022-08-10,-0.0023146390627851,0.0047281411959458,-0.001715266286755,-0.003719781102532,-0.0076864329241564,0.0069204428445737
2022-08-11,0.0,-0.0094787439545437,-0.0208160161377253,0.0123458358222993,0.0153142349730425,-0.0194992250514338
2022-08-12,0.0057941259226855,0.0,-0.0061538655743782,0.0012262417232442,0.0060606246116909,0.0111889279178058
2022-08-15,0.027362940031523,0.0312525435041045,0.0113986328416733,0.00244798163864,0.0030165935394257,-0.0055788150270389
2022-08-16,-0.0022556657509478,0.0152674721307883,0.0026121042279249,-0.0036742233618843,-0.0075586149739266,0.0041870263542164
2022-08-17,-0.0045151964229624,-0.0152674721307884,-0.0008699435085401,0.0,0.0210217951422205,0.0110804457765719
2022-08-18,0.0,-0.0077220460939102,-0.0043611059090124,0.0,0.0118169765047845,0.0109590137897193
2022-08-19,-0.0159831564107553,-0.0062208598751025,-0.0035026305512021,-0.0073891961823709,-0.0029411785908162,0.0094915966815713
2022-08-22,-0.0011531541204353,0.0367575837351841,0.0069930354909706,-0.0111871893905643,-0.0283812925382249,-0.0054127331067503
2022-08-23,0.0023049800079555,0.0059970194723742,-0.0026166608911717,0.0024968801985871,-0.0152674721307884,0.028095493453035
2022-08-24,0.0023228814161397,-0.0014958865915826,0.0233070541486179,0.0221957323917843,-0.0015396461855927,0.0247569647252757
2022-08-25,0.0011594204197349,0.0236697440859047,-0.0051326032265202,0.0,0.0152908177984171,0.0025706955031008
2022-08-26,0.0103747328255516,0.0540672212702757,0.0102389973010942,0.0060790460763821,-0.0137511716128244,-0.0129200763651042
2022-08-29,-0.0080599169771002,0.0246250473053891,-0.0110969982117311,0.0,-0.0217737995495606,-0.0183732202566192
2022-08-30,-0.0011567381278237,-0.0095044843115639,-0.0181901940600576,0.0415490029128724,0.0,0.006600684031352
2022-08-31,0.0023121397583796,0.0095044843115639,0.0034904049397685,-0.0235304974101941,0.0015710922320411,-0.006600684031352
2022-09-05,-0.0046296378987421,-0.0204785313435406,-0.004364913084701,-0.0168071183163812,0.0046985207815541,0.0261452801043222
2022-09-06,-0.0046511711757308,0.0055020771539833,-0.0026281224062694,0.0012099215027131,-0.0109977542095413,0.0038634948250446
2022-09-07,-0.0212022076506029,-0.0306430661120854,-0.0266682470821612,-0.0331929673557639,-0.0127187724077746,-0.0273632707409428
2022-09-08,0.0035650661644961,0.0112518767974348,0.0134230203321407,-0.0253178079842898,0.0063796069640389,0.0
2022-09-09,0.0,0.0069686693160934,-0.006241660923476,0.0102041701742416,0.023567469403913,0.0026385239581812
2022-09-12,0.0035524016043679,0.0273989741881143,0.0035714323675971,0.0037998779097748,-0.006230549750636,-0.0079365495957363
2022-09-13,0.0,0.0013504390978715,0.0071048256237445,-0.0063411753384473,0.0015612805669524,0.0052980256375551
2022-09-14,-0.0071174677688639,-0.0054127331067503,-0.0115711126371854,-0.0038240964384033,-0.010980502483444,-0.0227130672392333
2022-09-15,-0.0035778213478839,0.0027100287588651,0.0017889092427244,0.0114286958236228,0.0078554999403088,0.0067340321813441
2022-09-16,-0.0144406841547943,-0.0260467089381007,0.0115505504512029,0.0100503358535015,-0.0221528046411332,0.0199342149008173
2022-09-19,0.0072464085207672,-0.0210534091978323,-0.0106572944739879,-0.0151136378100481,0.0063796069640389,-0.0105821093305369
2022-09-20,0.0036036075032986,0.0168780377873517,0.0088889474172459,0.0050633019565466,0.0157731976770943,0.0079470616925319
2022-09-21,-0.0132772016816769,-0.0239955055562156,0.0079330517407959,-0.0037950709685516,-0.0125985918363216,0.0144075838632723
2022-09-22,0.007263954458225,0.0014275519911853,0.0008775779413589,-0.0114724011622368,0.0031645596029629,0.0
2022-09-23,-0.0060496252258232,-0.0100359265277855,-0.000877577941359,-0.0272921422880075,-0.0111200510440777,-0.0026041681383877
2022-09-26,-0.010982416668609,-0.0203791623366521,-0.0248901738075521,-0.0119285708652738,-0.0096308930609613,-0.0358366151690407
2022-09-27,-0.0123458358222993,-0.0133236611984705,0.0,-0.0093771618125969,-0.0162605208717802,-0.021858793812499
2022-09-28,-0.0315483577349259,-0.0317967740819989,-0.0009004953332502,0.009377161812597,-0.0590889163700064,-0.0083218233374922
2022-09-29,-0.0129034048359078,-0.0155041865359651,0.0,-0.0134230203321406,-0.0517510650524453,0.0124569084852952
2022-09-30,0.0444517625708337,0.0,-0.0367013668504279,-0.0108696722369038,0.0072993024816115,-0.0055172553747546
2022-10-03,-0.0444517625708338,-0.0712275092883677,-0.0716666698713536,-0.0361652764680695,0.0090498355199178,-0.0181442521234036
2022-10-04,0.0064725145056175,0.023218290102007,-0.0111056164125093,0.0098661829210537,0.0266682470821612,-0.0014094435032336
2022-10-05,0.0115459909970609,0.0194811355718224,0.0388301644273642,0.0028011222797117,0.0512932943875504,0.0098246404285181
2022-10-06,-0.024533186523872,-0.0699119891987144,0.0038986404156573,-0.0197746556594175,0.0016652793190612,-0.0225998319172409
2022-10-07,-0.0332256476283203,-0.0714589639821449,0.001943635208571,-0.0497178411189663,0.0016625107736134,-0.0028612322810322
2022-10-10,0.0,0.0558200700976901,0.0192313619278875,-0.0242804037070544,0.0,0.0099787000498962
2022-10-11,-0.0413852161628543,-0.0302245229087263,-0.0038167985267008,-0.048790164169432,-0.0033277900926746,-0.0042643987864575
2022-10-12,0.0195264223503552,0.0372053540500667,0.0038167985267008,0.0317486983145802,0.0,0.0197467629348345
2022-10-13,0.0082531417567204,0.0017376198985408,-0.0047732787526576,0.0383188643021366,0.0066445427186685,0.0302636576398269
2022-10-14,0.0136056520557786,0.0391539374195581,0.0057252064780396,0.0237752654936582,-0.0116570845422128,0.0045964661161595
